{"mainboard": {"215": 1, "199": 1, "213": 1, "156": 2, "60": 1, "271": 1, "131": 1, "65": 1, "117": 1, "90": 1, "212": 1, "80": 1, "86": 2, "87": 1, "85": 1, "106": 1, "40": 1, "231": 1, "6": 1, "247": 1, "188": 1, "255": 1, "120": 1, "76": 3, "75": 2, "123": 1, "73": 1, "71": 1, "129": 1, "100": 1, "268": 1, "95": 1, "94": 2, "249": 1, "121": 1, "19": 1, "51": 1, "258": 1, "103": 1}, "sideboard": {"73946": 1, "73963": 1, "73973": 1, "73958": 1, "73951": 1}, "draft_id": 18125, "player_name": "Me"}