{"mainboard": {"195": 1, "194": 1, "197": 2, "88": 1, "259": 1, "65": 3, "67": 1, "68": 1, "81": 2, "86": 1, "20": 1, "48": 1, "40": 1, "203": 1, "204": 1, "207": 1, "206": 2, "241": 1, "229": 1, "164": 1, "248": 1, "33": 1, "124": 1}, "sideboard": {"274": 1, "273": 1, "58": 1, "73958": 1, "73963": 1, "28": 1, "73951": 1, "248": 1, "183": 1, "259": 1, "241": 1, "73973": 1, "66": 1, "242": 1, "252": 1, "235": 1, "73946": 1, "81": 1, "253": 1, "87": 1, "78": 2}, "draft_id": 24987, "player_name": "YOUWOTM8"}