{"mainboard": {"159": 1, "61": 1, "62": 2, "65": 2, "134": 1, "138": 1, "48": 1, "95": 1, "44": 1, "142": 1, "77": 2, "76": 1, "75": 1, "124": 1, "229": 1, "127": 1, "102": 1, "90": 1, "106": 1, "39": 1, "121": 3, "19": 1, "108": 1, "53": 1, "88": 1}, "sideboard": {"155": 1, "73958": 1, "140": 1, "244": 1, "209": 1, "44": 2, "73963": 1, "115": 1, "271": 1, "259": 1, "73973": 1, "73946": 1, "181": 1, "225": 1, "251": 1, "166": 1, "107": 1, "232": 1, "73951": 1}, "draft_id": 54274, "player_name": "user"}