{"mainboard": {"153": 2, "152": 1, "155": 1, "195": 1, "117": 2, "259": 3, "67": 2, "235": 2, "256": 1, "100": 2, "171": 1, "85": 1, "24": 1, "253": 1, "161": 1, "183": 1, "188": 1, "144": 1, "141": 1, "244": 1, "247": 1, "241": 1, "243": 1, "102": 1, "166": 2, "268": 1, "94": 1, "97": 1, "39": 1, "38": 1, "19": 1, "122": 1, "116": 1}, "sideboard": {"73958": 1, "54": 1, "73963": 1, "50": 1, "116": 1, "73973": 1, "73946": 1, "119": 1, "73951": 1}, "draft_id": 853, "player_name": "thealphaedgelord"}